keyword,cluster,target_page,intent
music distribution india,Distribution,/guides/best-music-distributor-india/,commercial
best music distributor india,Distribution,/guides/best-music-distributor-india/,commercial
best music distribution service in india,Distribution,/guides/best-music-distributor-india/,commercial
how to distribute music in india,Distribution,/guides/best-music-distributor-india/,commercial
music aggregator india,Distribution,/guides/best-music-distributor-india/,commercial
cheapest music distributor india,Distribution,/guides/best-music-distributor-india/,commercial
distrokid india,Distribution,/guides/best-music-distributor-india/,commercial
tunecore india,Distribution,/guides/best-music-distributor-india/,commercial
cd baby india,Distribution,/guides/best-music-distributor-india/,commercial
music distribution for independent artists,Distribution,/guides/best-music-distributor-india/,commercial
how to get music on spotify india,Distribution,/guides/best-music-distributor-india/,commercial
how to upload music to spotify india,Distribution,/guides/best-music-distributor-india/,commercial
music distribution companies india,Distribution,/guides/best-music-distributor-india/,commercial
digital music distribution india,Distribution,/guides/best-music-distributor-india/,commercial
how to release music without a label india,Distribution,/guides/best-music-distributor-india/,commercial
music distribution cost india,Distribution,/guides/best-music-distributor-india/,commercial
free music distribution india,Distribution,/guides/free-music-distribution-india/,commercial
free music distributor india,Distribution,/guides/free-music-distribution-india/,commercial
distribute music for free india,Distribution,/guides/free-music-distribution-india/,commercial
free vs paid music distribution,Distribution,/guides/free-music-distribution-india/,commercial
best free music distribution,Distribution,/guides/free-music-distribution-india/,commercial
spotify royalty calculator,Royalties,/tools/royalty-calculator/,tool
streaming royalty calculator,Royalties,/tools/royalty-calculator/,tool
music royalty calculator india,Royalties,/tools/royalty-calculator/,tool
spotify money calculator,Royalties,/tools/royalty-calculator/,tool
how much does spotify pay,Royalties,/tools/royalty-calculator/,tool
spotify earnings calculator india,Royalties,/tools/royalty-calculator/,tool
royalty calculator,Royalties,/tools/royalty-calculator/,tool
how much does spotify pay per stream in india,Royalties,/guides/spotify-pay-per-stream-india/,informational
spotify pay per stream india,Royalties,/guides/spotify-pay-per-stream-india/,informational
spotify per stream rate india,Royalties,/guides/spotify-pay-per-stream-india/,informational
how much spotify pays india,Royalties,/guides/spotify-pay-per-stream-india/,informational
apple music pay per stream india,Royalties,/guides/spotify-pay-per-stream-india/,informational
youtube music pay per stream india,Royalties,/guides/spotify-pay-per-stream-india/,informational
how much do indian artists earn from spotify,Royalties,/guides/spotify-pay-per-stream-india/,informational
how many streams to make money on spotify,Royalties,/guides/spotify-pay-per-stream-india/,informational
streaming royalties india,Royalties,/guides/spotify-pay-per-stream-india/,informational
how music royalties work india,Royalties,/guides/spotify-pay-per-stream-india/,informational
music royalties explained india,Royalties,/guides/spotify-pay-per-stream-india/,informational
how to make money as an independent artist india,Royalties,/guides/make-money-independent-artist-india/,informational
how do musicians make money india,Royalties,/guides/make-money-independent-artist-india/,informational
how to earn money from music india,Royalties,/guides/make-money-independent-artist-india/,informational
how much do independent artists make india,Royalties,/guides/make-money-independent-artist-india/,informational
ways to make money from music india,Royalties,/guides/make-money-independent-artist-india/,informational
music income streams india,Royalties,/guides/make-money-independent-artist-india/,informational
how to get on spotify playlists india,Playlists,/guides/submit-music-spotify-playlists-india/,commercial
submit music to spotify playlists india,Playlists,/guides/submit-music-spotify-playlists-india/,commercial
how to pitch spotify playlists,Playlists,/guides/submit-music-spotify-playlists-india/,commercial
spotify playlist submission india,Playlists,/guides/submit-music-spotify-playlists-india/,commercial
get on spotify editorial playlists,Playlists,/guides/submit-music-spotify-playlists-india/,commercial
spotify playlist pitching india,Playlists,/guides/submit-music-spotify-playlists-india/,commercial
how to get playlisted on spotify,Playlists,/guides/submit-music-spotify-playlists-india/,commercial
independent spotify curators india,Playlists,/guides/submit-music-spotify-playlists-india/,commercial
spotify playlist curators india,Playlists,/guides/submit-music-spotify-playlists-india/,commercial
how to submit music to playlists,Playlists,/guides/submit-music-spotify-playlists-india/,commercial
playlist pitching services india,Playlists,/guides/submit-music-spotify-playlists-india/,commercial
spotify editorial playlists india,Playlists,/guides/spotify-editorial-playlists-india/,informational
how spotify editorial playlists work,Playlists,/guides/spotify-editorial-playlists-india/,informational
spotify for artists pitch,Playlists,/guides/spotify-editorial-playlists-india/,informational
release radar india,Playlists,/guides/spotify-editorial-playlists-india/,informational
discover weekly india,Playlists,/guides/spotify-editorial-playlists-india/,informational
how to release a song in india,Release,/guides/how-to-release-a-song-in-india/,informational
how to release music in india,Release,/guides/how-to-release-a-song-in-india/,informational
how to release your first single,Release,/guides/how-to-release-a-song-in-india/,informational
how to release a single independently,Release,/guides/how-to-release-a-song-in-india/,informational
steps to release a song,Release,/guides/how-to-release-a-song-in-india/,informational
music release checklist india,Release,/guides/how-to-release-a-song-in-india/,informational
how to drop a single india,Release,/guides/how-to-release-a-song-in-india/,informational
how to put out music independently,Release,/guides/how-to-release-a-song-in-india/,informational
releasing music independently india,Release,/guides/how-to-release-a-song-in-india/,informational
music release plan,Release,/guides/12-week-release-plan-india/,informational
music release strategy india,Release,/guides/12-week-release-plan-india/,informational
how to plan a music release,Release,/guides/12-week-release-plan-india/,informational
single release strategy,Release,/guides/12-week-release-plan-india/,informational
music rollout plan india,Release,/guides/12-week-release-plan-india/,informational
release campaign for musicians,Release,/guides/12-week-release-plan-india/,informational
how to get an isrc code india,Rights,/guides/isrc-code-india/,informational
isrc code india,Rights,/guides/isrc-code-india/,informational
what is an isrc code,Rights,/guides/isrc-code-india/,informational
isrc code free india,Rights,/guides/isrc-code-india/,informational
how to get isrc code for free,Rights,/guides/isrc-code-india/,informational
upc code for music india,Rights,/guides/isrc-code-india/,informational
isrc vs upc,Rights,/guides/isrc-code-india/,informational
get isrc code india,Rights,/guides/isrc-code-india/,informational
how to copyright a song in india,Rights,/guides/register-music-copyright-iprs-india/,informational
music copyright india,Rights,/guides/register-music-copyright-iprs-india/,informational
register music copyright india,Rights,/guides/register-music-copyright-iprs-india/,informational
iprs registration india,Rights,/guides/register-music-copyright-iprs-india/,informational
how to register with iprs,Rights,/guides/register-music-copyright-iprs-india/,informational
ppl india,Rights,/guides/register-music-copyright-iprs-india/,informational
music publishing royalties india,Rights,/guides/register-music-copyright-iprs-india/,informational
how to protect your music india,Rights,/guides/register-music-copyright-iprs-india/,informational
song copyright registration india,Rights,/guides/register-music-copyright-iprs-india/,informational
music publishing india,Rights,/guides/register-music-copyright-iprs-india/,informational
sync licensing india,Sync,/guides/sync-licensing-music-ads-film-india/,commercial
how to get music in ads india,Sync,/guides/sync-licensing-music-ads-film-india/,commercial
music for films india,Sync,/guides/sync-licensing-music-ads-film-india/,commercial
sync licensing for indian artists,Sync,/guides/sync-licensing-music-ads-film-india/,commercial
how to license music for film,Sync,/guides/sync-licensing-music-ads-film-india/,commercial
music supervisors india,Sync,/guides/sync-licensing-music-ads-film-india/,commercial
get your music in ads,Sync,/guides/sync-licensing-music-ads-film-india/,commercial
sync deals india,Sync,/guides/sync-licensing-music-ads-film-india/,commercial
how to pitch music for sync,Sync,/guides/sync-licensing-music-ads-film-india/,commercial
how to promote your music in india,Promotion,/guides/how-to-promote-music-in-india/ (NEW),commercial
music promotion india,Promotion,/guides/how-to-promote-music-in-india/ (NEW),commercial
how to promote music on instagram,Promotion,/guides/how-to-promote-music-in-india/ (NEW),commercial
music promotion tips,Promotion,/guides/how-to-promote-music-in-india/ (NEW),commercial
how to promote a song india,Promotion,/guides/how-to-promote-music-in-india/ (NEW),commercial
music promotion for independent artists,Promotion,/guides/how-to-promote-music-in-india/ (NEW),commercial
promote music for free india,Promotion,/guides/how-to-promote-music-in-india/ (NEW),commercial
how to get more streams on spotify india,Promotion,/guides/how-to-promote-music-in-india/ (NEW),commercial
how to grow as a musician india,Promotion,/guides/how-to-promote-music-in-india/ (NEW),commercial
music promotion strategies,Promotion,/guides/how-to-promote-music-in-india/ (NEW),commercial
music marketing india,Marketing,/guides/music-marketing-independent-artists-india/ (NEW),commercial
music marketing for independent artists,Marketing,/guides/music-marketing-independent-artists-india/ (NEW),commercial
how to market your music,Marketing,/guides/music-marketing-independent-artists-india/ (NEW),commercial
music marketing strategy,Marketing,/guides/music-marketing-independent-artists-india/ (NEW),commercial
social media marketing for musicians india,Marketing,/guides/music-marketing-independent-artists-india/ (NEW),commercial
instagram for musicians india,Marketing,/guides/music-marketing-independent-artists-india/ (NEW),commercial
how to build a music brand india,Marketing,/guides/music-marketing-independent-artists-india/ (NEW),commercial
music branding india,Marketing,/guides/music-marketing-independent-artists-india/ (NEW),commercial
how to get press for your music india,PR,/guides/pitch-music-blogs-press-india/,commercial
music pr india,PR,/guides/pitch-music-blogs-press-india/,commercial
music pr agency india,PR,/guides/pitch-music-blogs-press-india/,commercial
how to get music blog coverage,PR,/guides/pitch-music-blogs-press-india/,commercial
submit music to blogs india,PR,/guides/pitch-music-blogs-press-india/,commercial
indian music blogs,PR,/guides/pitch-music-blogs-press-india/,commercial
how to pitch music blogs,PR,/guides/pitch-music-blogs-press-india/,commercial
get featured on music blogs india,PR,/guides/pitch-music-blogs-press-india/,commercial
music publicist india,PR,/guides/pitch-music-blogs-press-india/,commercial
how to get media coverage for music,PR,/guides/pitch-music-blogs-press-india/,commercial
music reviewers india,Reviewers,/reviewers/,commercial
playlist curators india,Reviewers,/reviewers/,commercial
submithub alternatives india,Reviewers,/reviewers/,commercial
where to submit music india,Reviewers,/reviewers/,commercial
music curators list india,Reviewers,/reviewers/,commercial
indian music playlists to submit,Reviewers,/reviewers/,commercial
music blogs to submit songs india,Reviewers,/reviewers/,commercial
spotify curator database,Reviewers,/reviewers/,commercial
music review submission india,Reviewers,/reviewers/,commercial
music platforms for independent artists in india,Platforms,/guides/music-platforms-independent-artists-india/,informational
best platforms to release music india,Platforms,/guides/music-platforms-independent-artists-india/,informational
jiosaavn for artists,Platforms,/guides/music-platforms-independent-artists-india/,informational
youtube music for artists india,Platforms,/guides/music-platforms-independent-artists-india/,informational
apple music for artists india,Platforms,/guides/music-platforms-independent-artists-india/,informational
spotify for artists india,Platforms,/guides/music-platforms-independent-artists-india/,informational
where to upload music india,Platforms,/guides/music-platforms-independent-artists-india/,informational
music streaming platforms india,Platforms,/guides/music-platforms-independent-artists-india/,informational
gaana for artists,Platforms,/guides/music-platforms-independent-artists-india/,informational
how to get gigs as an independent artist india,Live,/guides/book-live-gigs-independent-band-india/,commercial
how to book shows india,Live,/guides/book-live-gigs-independent-band-india/,commercial
how to get live shows india,Live,/guides/book-live-gigs-independent-band-india/,commercial
how to find gigs india,Live,/guides/book-live-gigs-independent-band-india/,commercial
open mics in india,Live,/guides/book-live-gigs-independent-band-india/,commercial
how to perform live india,Live,/guides/book-live-gigs-independent-band-india/,commercial
booking agents india,Live,/guides/book-live-gigs-independent-band-india/,commercial
how to get booked for gigs,Live,/guides/book-live-gigs-independent-band-india/,commercial
live music venues in mumbai,Venues,/venues/mumbai/,local
gig venues in mumbai,Venues,/venues/mumbai/,local
music venues in mumbai,Venues,/venues/mumbai/,local
gigs in mumbai this week,Venues,/live/,local
live music in mumbai,Venues,/live/,local
open mics in mumbai,Venues,/venues/{c}/,local
live music venues in delhi,Venues,/venues/delhi/,local
gig venues in delhi,Venues,/venues/delhi/,local
music venues in delhi,Venues,/venues/delhi/,local
gigs in delhi this week,Venues,/live/,local
live music in delhi,Venues,/live/,local
open mics in delhi,Venues,/venues/{c}/,local
live music venues in bangalore,Venues,/venues/bangalore/,local
gig venues in bangalore,Venues,/venues/bangalore/,local
music venues in bangalore,Venues,/venues/bangalore/,local
gigs in bangalore this week,Venues,/live/,local
live music in bangalore,Venues,/live/,local
open mics in bangalore,Venues,/venues/{c}/,local
live music venues in bengaluru,Venues,/venues/bengaluru/,local
gig venues in bengaluru,Venues,/venues/bengaluru/,local
music venues in bengaluru,Venues,/venues/bengaluru/,local
gigs in bengaluru this week,Venues,/live/,local
live music in bengaluru,Venues,/live/,local
open mics in bengaluru,Venues,/venues/{c}/,local
live music venues in hyderabad,Venues,/venues/hyderabad/,local
gig venues in hyderabad,Venues,/venues/hyderabad/,local
music venues in hyderabad,Venues,/venues/hyderabad/,local
gigs in hyderabad this week,Venues,/live/,local
live music in hyderabad,Venues,/live/,local
open mics in hyderabad,Venues,/venues/{c}/,local
live music venues in pune,Venues,/venues/pune/,local
gig venues in pune,Venues,/venues/pune/,local
music venues in pune,Venues,/venues/pune/,local
gigs in pune this week,Venues,/live/,local
live music in pune,Venues,/live/,local
open mics in pune,Venues,/venues/{c}/,local
live music venues in goa,Venues,/venues/goa/,local
gig venues in goa,Venues,/venues/goa/,local
music venues in goa,Venues,/venues/goa/,local
gigs in goa this week,Venues,/live/,local
live music in goa,Venues,/live/,local
open mics in goa,Venues,/venues/{c}/,local
live music venues in chennai,Venues,/venues/chennai/,local
gig venues in chennai,Venues,/venues/chennai/,local
music venues in chennai,Venues,/venues/chennai/,local
gigs in chennai this week,Venues,/live/,local
live music in chennai,Venues,/live/,local
open mics in chennai,Venues,/venues/{c}/,local
live music venues in kolkata,Venues,/venues/kolkata/,local
gig venues in kolkata,Venues,/venues/kolkata/,local
music venues in kolkata,Venues,/venues/kolkata/,local
gigs in kolkata this week,Venues,/live/,local
live music in kolkata,Venues,/live/,local
open mics in kolkata,Venues,/venues/{c}/,local
music festivals india 2026,Live,/live/,local
indian music festivals,Live,/live/,local
upcoming concerts india,Live,/live/,local
nh7 weekender dates,Live,/live/,local
lollapalooza india dates,Live,/live/,local
sunburn festival dates,Live,/live/,local
echoes of earth dates,Live,/live/,local
music festivals in india,Live,/live/,local
artist development vs artist management,Development,/guides/artist-development-vs-artist-management-india/,informational
what is artist development,Development,/guides/artist-development-vs-artist-management-india/,informational
artist development india,Development,/guides/artist-development-vs-artist-management-india/,informational
how to develop as an artist,Development,/guides/artist-development-vs-artist-management-india/,informational
artist management india,Development,/guides/artist-management-india/ (NEW),commercial
what does an artist manager do,Development,/guides/artist-management-india/ (NEW),commercial
do i need an artist manager,Development,/guides/artist-management-india/ (NEW),commercial
how to get an artist manager india,Development,/guides/artist-management-india/ (NEW),commercial
music manager india,Development,/guides/artist-management-india/ (NEW),commercial
artist management companies india,Development,/guides/artist-management-india/ (NEW),commercial
how to become an independent artist india,Development,/guides/how-to-become-an-independent-artist-india/ (NEW),informational
how to become a singer in india,Development,/guides/how-to-become-an-independent-artist-india/ (NEW),informational
how to start a music career india,Development,/guides/how-to-become-an-independent-artist-india/ (NEW),informational
how to become a musician india,Development,/guides/how-to-become-an-independent-artist-india/ (NEW),informational
how to start as an independent artist,Development,/guides/how-to-become-an-independent-artist-india/ (NEW),informational
becoming an independent musician india,Development,/guides/how-to-become-an-independent-artist-india/ (NEW),informational
how to build a fanbase india,Fanbase,/guides/build-fanbase-1000-true-fans-india/,informational
1000 true fans,Fanbase,/guides/build-fanbase-1000-true-fans-india/,informational
how to get real fans music,Fanbase,/guides/build-fanbase-1000-true-fans-india/,informational
how to grow music audience india,Fanbase,/guides/build-fanbase-1000-true-fans-india/,informational
how to get more listeners india,Fanbase,/guides/build-fanbase-1000-true-fans-india/,informational
building a music fanbase,Fanbase,/guides/build-fanbase-1000-true-fans-india/,informational
electronic press kit india,EPK,/guides/electronic-press-kit-epk-india/,informational
how to make an epk,EPK,/guides/electronic-press-kit-epk-india/,informational
music epk template,EPK,/guides/electronic-press-kit-epk-india/,informational
what is an epk for musicians,EPK,/guides/electronic-press-kit-epk-india/,informational
artist press kit india,EPK,/guides/electronic-press-kit-epk-india/,informational
how to write an artist bio,EPK,/guides/electronic-press-kit-epk-india/,informational
musician press kit,EPK,/guides/electronic-press-kit-epk-india/,informational
how do record labels sign artists,Labels,/guides/how-record-labels-sign-artists-india/,informational
how to get signed to a record label india,Labels,/guides/how-record-labels-sign-artists-india/,informational
record labels in india,Labels,/guides/how-record-labels-sign-artists-india/,informational
how labels find artists,Labels,/guides/how-record-labels-sign-artists-india/,informational
independent record labels india,Labels,/guides/how-record-labels-sign-artists-india/,informational
how to get signed india,Labels,/guides/how-record-labels-sign-artists-india/,informational
music labels india,Labels,/guides/how-record-labels-sign-artists-india/,informational
independent music scene in mumbai,Scene,/guides/independent-music-scene-mumbai/,informational
indie artists in mumbai,Scene,/guides/independent-music-scene-mumbai/,informational
independent music scene in delhi,Scene,/guides/independent-music-scene-delhi/,informational
indie artists in delhi,Scene,/guides/independent-music-scene-delhi/,informational
independent music scene in bangalore,Scene,/guides/independent-music-scene-bangalore/,informational
indie artists in bangalore,Scene,/guides/independent-music-scene-bangalore/,informational
independent music scene in bengaluru,Scene,/guides/independent-music-scene-bengaluru/,informational
indie artists in bengaluru,Scene,/guides/independent-music-scene-bengaluru/,informational
independent music scene in hyderabad,Scene,/guides/independent-music-scene-hyderabad/,informational
indie artists in hyderabad,Scene,/guides/independent-music-scene-hyderabad/,informational
independent music scene in pune,Scene,/guides/independent-music-scene-pune/,informational
indie artists in pune,Scene,/guides/independent-music-scene-pune/,informational
independent music scene in goa,Scene,/guides/independent-music-scene-goa/,informational
indie artists in goa,Scene,/guides/independent-music-scene-goa/,informational
independent music scene in chennai,Scene,/guides/independent-music-scene-chennai/,informational
indie artists in chennai,Scene,/guides/independent-music-scene-chennai/,informational
independent music scene in kolkata,Scene,/guides/independent-music-scene-kolkata/,informational
indie artists in kolkata,Scene,/guides/independent-music-scene-kolkata/,informational
indie music india,Brand,/,navigational
independent music india,Brand,/,navigational
new indian indie music,Brand,/,navigational
best indian indie artists,Brand,/,navigational
rising indian artists,Brand,/,navigational
indian indie music blog,Brand,/,navigational
emerging indian artists,Brand,/,navigational
indian indie music 2026,Brand,/,navigational
indie music board,Brand,/,navigational
distrokid vs tunecore india,Distribution,/guides/best-music-distributor-india/,commercial
distrokid vs cd baby,Distribution,/guides/best-music-distributor-india/,commercial
best distributor for indian artists,Distribution,/guides/best-music-distributor-india/,commercial
how long does spotify take to approve music,Distribution,/guides/best-music-distributor-india/,commercial
how to change music distributor without losing streams,Distribution,/guides/best-music-distributor-india/,commercial
how to distribute an album india,Distribution,/guides/best-music-distributor-india/,commercial
music distribution youtube content id,Distribution,/guides/best-music-distributor-india/,commercial
music distribution to jiosaavn,Distribution,/guides/best-music-distributor-india/,commercial
how to release music on all platforms india,Distribution,/guides/best-music-distributor-india/,commercial
music distribution reddit india,Distribution,/guides/best-music-distributor-india/,commercial
how to make your song a caller tune india,CallerTunes,/guides/caller-tune-hello-tune-india/ (NEW),commercial
hello tune for artists india,CallerTunes,/guides/caller-tune-hello-tune-india/ (NEW),commercial
caller tune india artist,CallerTunes,/guides/caller-tune-hello-tune-india/ (NEW),commercial
how to set your song as caller tune,CallerTunes,/guides/caller-tune-hello-tune-india/ (NEW),commercial
jio saavn caller tune,CallerTunes,/guides/caller-tune-hello-tune-india/ (NEW),commercial
airtel hello tune for artists,CallerTunes,/guides/caller-tune-hello-tune-india/ (NEW),commercial
how to earn from caller tunes india,CallerTunes,/guides/caller-tune-hello-tune-india/ (NEW),commercial
how much is 1 million streams worth india,Royalties,/guides/spotify-pay-per-stream-india/,informational
how much does 1000 streams pay india,Royalties,/guides/spotify-pay-per-stream-india/,informational
do artists make money from spotify,Royalties,/guides/spotify-pay-per-stream-india/,informational
is spotify worth it for artists india,Royalties,/guides/spotify-pay-per-stream-india/,informational
mechanical royalties india,Royalties,/guides/spotify-pay-per-stream-india/,informational
performance royalties india,Royalties,/guides/spotify-pay-per-stream-india/,informational
neighbouring rights india,Royalties,/guides/spotify-pay-per-stream-india/,informational
spotify vs apple music royalties,Royalties,/guides/spotify-pay-per-stream-india/,informational
how much does apple music pay artists india,Royalties,/guides/spotify-pay-per-stream-india/,informational
how are music royalties paid india,Royalties,/guides/spotify-pay-per-stream-india/,informational
how to get on discover weekly india,Playlists,/guides/submit-music-spotify-playlists-india/,commercial
fake spotify playlists,Playlists,/guides/submit-music-spotify-playlists-india/,commercial
spotify playlist promotion india,Playlists,/guides/submit-music-spotify-playlists-india/,commercial
how to grow monthly listeners spotify india,Playlists,/guides/submit-music-spotify-playlists-india/,commercial
how to increase spotify streams india,Playlists,/guides/submit-music-spotify-playlists-india/,commercial
organic spotify promotion india,Playlists,/guides/submit-music-spotify-playlists-india/,commercial
should you pay for spotify playlists,Playlists,/guides/submit-music-spotify-playlists-india/,commercial
best day to release music,Release,/guides/how-to-release-a-song-in-india/,informational
best time to release a song india,Release,/guides/how-to-release-a-song-in-india/,informational
how far in advance to release music,Release,/guides/how-to-release-a-song-in-india/,informational
pre save spotify india,Release,/guides/how-to-release-a-song-in-india/,informational
how to pre save on spotify,Release,/guides/how-to-release-a-song-in-india/,informational
spotify canvas india,Release,/guides/how-to-release-a-song-in-india/,informational
how to add canvas to spotify,Release,/guides/how-to-release-a-song-in-india/,informational
how to schedule a spotify release,Release,/guides/how-to-release-a-song-in-india/,informational
who owns my music,Rights,/guides/register-music-copyright-iprs-india/,informational
master rights vs publishing,Rights,/guides/register-music-copyright-iprs-india/,informational
how to register a song copyright online india,Rights,/guides/register-music-copyright-iprs-india/,informational
cover song license india,Rights,/guides/register-music-copyright-iprs-india/,informational
how to release a cover song legally india,Rights,/guides/register-music-copyright-iprs-india/,informational
music licensing india,Rights,/guides/register-music-copyright-iprs-india/,informational
what rights do i keep as an artist,Rights,/guides/register-music-copyright-iprs-india/,informational
instagram reels for musicians india,Promotion,/guides/how-to-promote-music-in-india/ (NEW),commercial
best hashtags for musicians india,Promotion,/guides/how-to-promote-music-in-india/ (NEW),commercial
how to go viral on instagram with music,Promotion,/guides/how-to-promote-music-in-india/ (NEW),commercial
how to use reels to promote music,Promotion,/guides/how-to-promote-music-in-india/ (NEW),commercial
content ideas for musicians india,Promotion,/guides/how-to-promote-music-in-india/ (NEW),commercial
how to promote music on youtube india,Promotion,/guides/how-to-promote-music-in-india/ (NEW),commercial
how to get more listeners on spotify india,Promotion,/guides/how-to-promote-music-in-india/ (NEW),commercial
cheap ways to promote music india,Promotion,/guides/how-to-promote-music-in-india/ (NEW),commercial
music branding for artists,Marketing,/guides/music-marketing-independent-artists-india/ (NEW),commercial
social media strategy for musicians india,Marketing,/guides/music-marketing-independent-artists-india/ (NEW),commercial
how to grow instagram as a musician india,Marketing,/guides/music-marketing-independent-artists-india/ (NEW),commercial
tiktok for musicians india,Marketing,/guides/music-marketing-independent-artists-india/ (NEW),commercial
email list for musicians india,Marketing,/guides/music-marketing-independent-artists-india/ (NEW),commercial
personal branding for artists,Marketing,/guides/music-marketing-independent-artists-india/ (NEW),commercial
how to write a press release for music,PR,/guides/pitch-music-blogs-press-india/,commercial
music blogs that accept submissions india,PR,/guides/pitch-music-blogs-press-india/,commercial
how to get on rolling stone india,PR,/guides/pitch-music-blogs-press-india/,commercial
how to get featured on wild city,PR,/guides/pitch-music-blogs-press-india/,commercial
music pr cost india,PR,/guides/pitch-music-blogs-press-india/,commercial
how to pitch journalists music,PR,/guides/pitch-music-blogs-press-india/,commercial
how to price a gig india,Live,/guides/book-live-gigs-independent-band-india/,commercial
how to make a gig rider,Live,/guides/book-live-gigs-independent-band-india/,commercial
how to get paid for gigs india,Live,/guides/book-live-gigs-independent-band-india/,commercial
house concerts india,Live,/guides/book-live-gigs-independent-band-india/,commercial
how to organise a gig india,Live,/guides/book-live-gigs-independent-band-india/,commercial
how to build a live following india,Live,/guides/book-live-gigs-independent-band-india/,commercial
how to get discovered as a musician india,Development,/guides/how-to-become-an-independent-artist-india/ (NEW),informational
music career advice india,Development,/guides/how-to-become-an-independent-artist-india/ (NEW),informational
independent artist checklist,Development,/guides/how-to-become-an-independent-artist-india/ (NEW),informational
music business for beginners india,Development,/guides/how-to-become-an-independent-artist-india/ (NEW),informational
how to manage yourself as an artist,Development,/guides/how-to-become-an-independent-artist-india/ (NEW),informational
music mentorship india,Development,/guides/how-to-become-an-independent-artist-india/ (NEW),informational
how to grow a music career india,Development,/guides/how-to-become-an-independent-artist-india/ (NEW),informational
how to get your first 1000 fans,Fanbase,/guides/build-fanbase-1000-true-fans-india/,informational
how to build a music community india,Fanbase,/guides/build-fanbase-1000-true-fans-india/,informational
how to keep music fans engaged,Fanbase,/guides/build-fanbase-1000-true-fans-india/,informational
true fans theory music,Fanbase,/guides/build-fanbase-1000-true-fans-india/,informational
epk examples for musicians,EPK,/guides/electronic-press-kit-epk-india/,informational
how to make a one sheet music,EPK,/guides/electronic-press-kit-epk-india/,informational
artist bio examples,EPK,/guides/electronic-press-kit-epk-india/,informational
what to include in an epk,EPK,/guides/electronic-press-kit-epk-india/,informational
free epk template,EPK,/guides/electronic-press-kit-epk-india/,informational
should i sign to a label,Labels,/guides/how-record-labels-sign-artists-india/,informational
360 deal explained,Labels,/guides/how-record-labels-sign-artists-india/,informational
independent vs signed artist,Labels,/guides/how-record-labels-sign-artists-india/,informational
pros and cons of record labels,Labels,/guides/how-record-labels-sign-artists-india/,informational
how record deals work india,Labels,/guides/how-record-labels-sign-artists-india/,informational
how to verify spotify artist profile india,Platforms,/guides/music-platforms-independent-artists-india/,informational
spotify for artists verification india,Platforms,/guides/music-platforms-independent-artists-india/,informational
bandcamp india,Platforms,/guides/music-platforms-independent-artists-india/,informational
soundcloud for artists india,Platforms,/guides/music-platforms-independent-artists-india/,informational
how to get a verified badge on spotify,Platforms,/guides/music-platforms-independent-artists-india/,informational
apple music for artists setup india,Platforms,/guides/music-platforms-independent-artists-india/,informational
hindi indie music,Discovery,/,navigational
punjabi indie artists,Discovery,/,navigational
tamil indie music,Discovery,/,navigational
indie folk india,Discovery,/,navigational
indie pop india,Discovery,/,navigational
new indie songs india,Discovery,/,navigational
best new indian artists 2026,Discovery,/,navigational
underground music india,Discovery,/,navigational
desi indie music,Discovery,/,navigational
malayalam indie music,Discovery,/,navigational
best live music venues in mumbai,Venues,/venues/mumbai/,local
where to watch live music in mumbai,Venues,/venues/mumbai/,local
concerts in mumbai this month,Venues,/live/,local
music bars in mumbai,Venues,/venues/mumbai/,local
best live music venues in delhi,Venues,/venues/delhi/,local
where to watch live music in delhi,Venues,/venues/delhi/,local
concerts in delhi this month,Venues,/live/,local
music bars in delhi,Venues,/venues/delhi/,local
best live music venues in bangalore,Venues,/venues/bangalore/,local
where to watch live music in bangalore,Venues,/venues/bangalore/,local
concerts in bangalore this month,Venues,/live/,local
music bars in bangalore,Venues,/venues/bangalore/,local
best live music venues in bengaluru,Venues,/venues/bengaluru/,local
where to watch live music in bengaluru,Venues,/venues/bengaluru/,local
concerts in bengaluru this month,Venues,/live/,local
music bars in bengaluru,Venues,/venues/bengaluru/,local
best live music venues in hyderabad,Venues,/venues/hyderabad/,local
where to watch live music in hyderabad,Venues,/venues/hyderabad/,local
concerts in hyderabad this month,Venues,/live/,local
music bars in hyderabad,Venues,/venues/hyderabad/,local
best live music venues in pune,Venues,/venues/pune/,local
where to watch live music in pune,Venues,/venues/pune/,local
concerts in pune this month,Venues,/live/,local
music bars in pune,Venues,/venues/pune/,local
best live music venues in goa,Venues,/venues/goa/,local
where to watch live music in goa,Venues,/venues/goa/,local
concerts in goa this month,Venues,/live/,local
music bars in goa,Venues,/venues/goa/,local
is distrokid available in india,Distribution,/guides/best-music-distributor-india/,commercial
how much does distrokid cost in india,Distribution,/guides/best-music-distributor-india/,commercial
best music distributor for beginners india,Distribution,/guides/best-music-distributor-india/,commercial
music distribution without upfront cost,Distribution,/guides/best-music-distributor-india/,commercial
how to release music on jiosaavn,Distribution,/guides/best-music-distributor-india/,commercial
music distribution comparison india,Distribution,/guides/best-music-distributor-india/,commercial
how to check spotify royalties,Royalties,/tools/royalty-calculator/,tool
when does spotify pay artists,Royalties,/tools/royalty-calculator/,tool
spotify payout threshold india,Royalties,/tools/royalty-calculator/,tool
how to withdraw spotify money india,Royalties,/tools/royalty-calculator/,tool
gst on music royalties india,Royalties,/tools/royalty-calculator/,tool
spotify wrapped for artists,Royalties,/tools/royalty-calculator/,tool
how to submit to spotify playlists for free,Playlists,/guides/submit-music-spotify-playlists-india/,commercial
playlist pitching email template,Playlists,/guides/submit-music-spotify-playlists-india/,commercial
how to find playlist curators,Playlists,/guides/submit-music-spotify-playlists-india/,commercial
spotify playlist submission sites,Playlists,/guides/submit-music-spotify-playlists-india/,commercial
how to get on a spotify playlist without followers,Playlists,/guides/submit-music-spotify-playlists-india/,commercial
how to master a song for streaming,Release,/guides/how-to-release-a-song-in-india/,informational
music metadata explained,Release,/guides/how-to-release-a-song-in-india/,informational
artwork size for spotify,Release,/guides/how-to-release-a-song-in-india/,informational
what is a music one sheet,Release,/guides/how-to-release-a-song-in-india/,informational
how to name your song for streaming,Release,/guides/how-to-release-a-song-in-india/,informational
difference between isrc and iswc,Rights,/guides/register-music-copyright-iprs-india/,informational
how to collect international royalties india,Rights,/guides/register-music-copyright-iprs-india/,informational
publishing administration india,Rights,/guides/register-music-copyright-iprs-india/,informational
what is a split sheet music,Rights,/guides/register-music-copyright-iprs-india/,informational
how to copyright music for free india,Rights,/guides/register-music-copyright-iprs-india/,informational
how to promote music with no money,Promotion,/guides/how-to-promote-music-in-india/ (NEW),commercial
music marketing ideas 2026,Promotion,/guides/how-to-promote-music-in-india/ (NEW),commercial
how to get streams organically india,Promotion,/guides/how-to-promote-music-in-india/ (NEW),commercial
best time to post reels musician,Promotion,/guides/how-to-promote-music-in-india/ (NEW),commercial
how to promote music on whatsapp india,Promotion,/guides/how-to-promote-music-in-india/ (NEW),commercial
how to build a media list music,PR,/guides/pitch-music-blogs-press-india/,commercial
music blog submission sites india,PR,/guides/pitch-music-blogs-press-india/,commercial
how to get radio play india,PR,/guides/pitch-music-blogs-press-india/,commercial
how to get music on the radio india,PR,/guides/pitch-music-blogs-press-india/,commercial
how to make music for ads,Sync,/guides/sync-licensing-music-ads-film-india/,commercial
royalty free music vs sync,Sync,/guides/sync-licensing-music-ads-film-india/,commercial
how to get music in web series india,Sync,/guides/sync-licensing-music-ads-film-india/,commercial
sync agents india,Sync,/guides/sync-licensing-music-ads-film-india/,commercial
how to license a song for a youtube video,Sync,/guides/sync-licensing-music-ads-film-india/,commercial
music for brands india,Sync,/guides/sync-licensing-music-ads-film-india/,commercial
how to get gigs in college fests india,Live,/guides/book-live-gigs-independent-band-india/,commercial
corporate gigs india,Live,/guides/book-live-gigs-independent-band-india/,commercial
how to email venues for gigs,Live,/guides/book-live-gigs-independent-band-india/,commercial
how to get booked at a music venue india,Live,/guides/book-live-gigs-independent-band-india/,commercial
how much do bands get paid india,Live,/guides/book-live-gigs-independent-band-india/,commercial
how to stand out as a musician,Development,/guides/how-to-become-an-independent-artist-india/ (NEW),informational
artist growth strategy india,Development,/guides/how-to-become-an-independent-artist-india/ (NEW),informational
how to build momentum as an artist,Development,/guides/how-to-become-an-independent-artist-india/ (NEW),informational
how to get discovered on spotify india,Development,/guides/how-to-become-an-independent-artist-india/ (NEW),informational
music career roadmap india,Development,/guides/how-to-become-an-independent-artist-india/ (NEW),informational
list of independent labels india,Labels,/guides/how-record-labels-sign-artists-india/,informational
how to approach a record label,Labels,/guides/how-record-labels-sign-artists-india/,informational
demo submission india,Labels,/guides/how-record-labels-sign-artists-india/,informational
what labels look for in artists,Labels,/guides/how-record-labels-sign-artists-india/,informational
epk vs press release,EPK,/guides/electronic-press-kit-epk-india/,informational
how to send an epk to blogs,EPK,/guides/electronic-press-kit-epk-india/,informational
how to make a musician one sheet,EPK,/guides/electronic-press-kit-epk-india/,informational
how to get on itunes india,Platforms,/guides/music-platforms-independent-artists-india/,informational
amazon music for artists india,Platforms,/guides/music-platforms-independent-artists-india/,informational
how to get on resso india,Platforms,/guides/music-platforms-independent-artists-india/,informational
how to get music reviewed india,Reviewers,/reviewers/,commercial
submithub india,Reviewers,/reviewers/,commercial
music blog outreach india,Reviewers,/reviewers/,commercial
how to find music bloggers india,Reviewers,/reviewers/,commercial
list of music curators india,Reviewers,/reviewers/,commercial
paid vs free music promotion india,Reviewers,/reviewers/,commercial
best indie albums india 2026,Discovery,/,navigational
indie music playlist india,Discovery,/,navigational
new punjabi indie songs,Discovery,/,navigational
bengali indie music,Discovery,/,navigational
marathi indie music,Discovery,/,navigational
telugu indie music,Discovery,/,navigational
best indie songs 2026 india,Discovery,/,navigational
indian singer songwriters,Discovery,/,navigational
who is indie music india,Brand,/,navigational
indiemusicindia,Brand,/,navigational
artist development company india,Brand,/,navigational
music consultancy india,Brand,/,navigational
music marketing agency india,Brand,/,navigational
help for independent musicians india,Brand,/,navigational
how to convert listeners to fans,Fanbase,/guides/build-fanbase-1000-true-fans-india/,informational
how to build a superfan base,Fanbase,/guides/build-fanbase-1000-true-fans-india/,informational
direct to fan platforms india,Fanbase,/guides/build-fanbase-1000-true-fans-india/,informational
artist development india,artist-development,/guides/artist-development-india/,commercial
artist development services india,artist-development,/guides/artist-development-india/,commercial
artist development programme india,artist-development,/guides/artist-development-india/,commercial
what is artist development,artist-development,/guides/artist-development-india/,informational
artist development for musicians,artist-development,/guides/artist-development-india/,commercial
independent artist development india,artist-development,/guides/artist-development-india/,commercial
music artist development india,artist-development,/guides/artist-development-india/,commercial
help build my music career india,artist-development,/guides/artist-development-india/,commercial
artist branding india,artist-branding,/guides/artist-branding-and-positioning-india/,commercial
how to build a brand as a musician,artist-branding,/guides/artist-branding-and-positioning-india/,informational
artist positioning,artist-branding,/guides/artist-branding-and-positioning-india/,informational
music branding india,artist-branding,/guides/artist-branding-and-positioning-india/,commercial
how to brand yourself as an artist,artist-branding,/guides/artist-branding-and-positioning-india/,informational
personal branding for musicians india,artist-branding,/guides/artist-branding-and-positioning-india/,commercial
artist identity india,artist-branding,/guides/artist-branding-and-positioning-india/,informational
build my brand as a singer india,artist-branding,/guides/artist-branding-and-positioning-india/,commercial
how to get more listeners india,audience-growth,/guides/how-to-get-more-listeners-india/,informational
how to grow music audience india,audience-growth,/guides/how-to-get-more-listeners-india/,informational
how to get more spotify listeners india,audience-growth,/guides/how-to-get-more-listeners-india/,informational
promote already released music,audience-growth,/guides/how-to-get-more-listeners-india/,informational
grow spotify audience india,audience-growth,/guides/how-to-get-more-listeners-india/,informational
how to increase music streams india,audience-growth,/guides/how-to-get-more-listeners-india/,informational
get more listeners on spotify india,audience-growth,/guides/how-to-get-more-listeners-india/,informational
how to build an audience for my music india,audience-growth,/guides/how-to-get-more-listeners-india/,commercial
how spotify royalties work india,spotify-royalties,/guides/how-spotify-royalties-work-india/,informational
spotify stream share model,spotify-royalties,/guides/how-spotify-royalties-work-india/,informational
how does spotify pay artists india,spotify-royalties,/guides/how-spotify-royalties-work-india/,informational
does spotify pay per stream,spotify-royalties,/guides/how-spotify-royalties-work-india/,informational
spotify royalty pool explained,spotify-royalties,/guides/how-spotify-royalties-work-india/,informational
spotify 1000 stream threshold india,spotify-royalties,/guides/how-spotify-royalties-work-india/,informational
how much does spotify pay artists,spotify-royalties,/guides/how-spotify-royalties-work-india/,informational
spotify loud and clear india,spotify-royalties,/guides/how-spotify-royalties-work-india/,informational
